Platform,Page,Section,Data Point,Description
CollegeDunia,Homepage,Hero,Search Bar,"Auto-suggest for colleges, exams, courses, and news"
CollegeDunia,Homepage,Hero,Stream Tabs,"B.Tech, MBA, MBBS, Law, etc. for quick filtering"
CollegeDunia,Homepage,Hero,Voice Search,Microphone icon for voice-based queries
CollegeDunia,Homepage,Top Colleges,College Name,Full institutional name with detail link
CollegeDunia,Homepage,Top Colleges,Location,"City and State of the college"
CollegeDunia,Homepage,Top Colleges,Fees,First-year tuition fee in INR
CollegeDunia,Homepage,Top Colleges,Rating,User rating score out of 10
CollegeDunia,Homepage,Top Colleges,Ranking Badge,NIRF rank position displayed as a badge
CollegeDunia,Homepage,Top Collections,Collection Title,"SEO-friendly list title (e.g., Best ROI Engineering Colleges)"
CollegeDunia,Homepage,Top Collections,College Count,Number of institutions included in the collection
CollegeDunia,Homepage,Exam Highlights,Exam Name,Title of the entrance exam
CollegeDunia,Homepage,Exam Highlights,Application Date,Closing date for registration
CollegeDunia,Homepage,Exam Highlights,Exam Date,Scheduled date of the examination
CollegeDunia,College Listing,Filter Sidebar,Search Box,Internal search to filter current listing by name
CollegeDunia,College Listing,Filter Sidebar,State Filter,Multi-select list of 36 Indian states/UTs
CollegeDunia,College Listing,Filter Sidebar,City Filter,City selection nested within state
CollegeDunia,College Listing,Filter Sidebar,Course Filter,Stream/degree type selection (B.Tech, M.Tech, etc.)
CollegeDunia,College Listing,Filter Sidebar,Fees Range,Price range slider for annual fees
CollegeDunia,College Listing,Filter Sidebar,Exam Accepted,Selection of entrance exams (JEE Main, GATE, etc.)
CollegeDunia,College Listing,Filter Sidebar,Ownership,"Government, Private, Deemed toggle"
CollegeDunia,College Listing,Filter Sidebar,Rating Filter,Minimum star rating selection
CollegeDunia,College Listing,Filter Sidebar,NAAC Grade,Accreditation grade filter (A++, A+, etc.)
CollegeDunia,College Listing,Sort Controls,Sort By Rating,Descending order of user ratings
CollegeDunia,College Listing,Sort Controls,Sort By Popularity,Ordering based on view/search volume
CollegeDunia,College Listing,Sort Controls,Sort By Fees (Low to High),Ascending order of fees
CollegeDunia,College Listing,Sort Controls,Sort By Fees (High to Low),Descending order of fees
CollegeDunia,College Listing,Sort Controls,Sort By Placements,Ordering by highest packages
CollegeDunia,College Listing,College Card,College Name,Full institution name
CollegeDunia,College Listing,College Card,Logo,Thumbnail of the college logo
CollegeDunia,College Listing,College Card,Location,"City, State"
CollegeDunia,College Listing,College Card,Ownership Badge,"Private / Government / Deemed label"
CollegeDunia,College Listing,College Card,NIRF Rank,National ranking position if available
CollegeDunia,College Listing,College Card,Rating,Numeric rating score
CollegeDunia,College Listing,College Card,First Year Fees,Annual fee for the primary course
CollegeDunia,College Listing,College Card,Course List,Top 2-3 degrees offered
CollegeDunia,College Listing,College Card,Apply Now CTA,Primary call-to-action button
CollegeDunia,College Listing,College Card,Download Brochure CTA,Lead-gated PDF download link
CollegeDunia,College Listing,College Card,Add to Compare,Checkbox to add to comparison tray
CollegeDunia,College Listing,Pagination,Total Count,Total number of colleges matching filters
CollegeDunia,College Listing,Pagination,Current Page,Indicator of the active results page
CollegeDunia,College Detail,Overview,Banner Image,High-resolution campus banner
CollegeDunia,College Detail,Overview,Logo,College emblem image
CollegeDunia,College Detail,Overview,Key Stats,"Established year, campus size, student count"
CollegeDunia,College Detail,Overview,Accreditations,"AICTE, UGC, NAAC, NBA details"
CollegeDunia,College Detail,Overview,Website Link,Official institutional website URL
CollegeDunia,College Detail,Overview,Contact Details,Admission phone number and email
CollegeDunia,College Detail,Overview,Description,Long-form institutional history and about section
CollegeDunia,College Detail,Overview,Tab Bar,"Navigation: Overview, Courses, Admission, Placement, Cutoff, Reviews, Ranking, Gallery, etc."
CollegeDunia,College Detail,Courses & Fees,Course Title,Full degree name
CollegeDunia,College Detail,Courses & Fees,Specialization,Branch or major name
CollegeDunia,College Detail,Courses & Fees,First Year Fees,Fee amount for 1st year
CollegeDunia,College Detail,Courses & Fees,Total Fees,Full program fee
CollegeDunia,College Detail,Courses & Fees,Eligibility,Minimum marks and subject requirements
CollegeDunia,College Detail,Courses & Fees,Seats,Total intake for the course
CollegeDunia,College Detail,Courses & Fees,Apply Link,Direct application URL
CollegeDunia,College Detail,Admissions,Important Dates,"Application start, end, result, and counselling dates"
CollegeDunia,College Detail,Admissions,Admission Process,Textual step-by-step procedure
CollegeDunia,College Detail,Admissions,Counselling Schedule,Round-wise dates for seat allotment
CollegeDunia,College Detail,Placements,Highest Package,Highest salary offered in LPA
CollegeDunia,College Detail,Placements,Average Package,Mean salary offered in LPA
CollegeDunia,College Detail,Placements,Median Package,Median salary offered in LPA
CollegeDunia,College Detail,Placements,Recruiter Logos,Logos of top hiring companies
CollegeDunia,College Detail,Placements,Historical Data,Table showing last 3-5 years placement trends
CollegeDunia,College Detail,Cutoffs,Closing Rank,Last admitted rank for the year
CollegeDunia,College Detail,Cutoffs,Category,"General, OBC, SC, ST, EWS filter"
CollegeDunia,College Detail,Cutoffs,Round,"Counselling round number (1, 2, 3...)"
CollegeDunia,College Detail,Reviews,Reviewer Name,Name of the student/alumni
CollegeDunia,College Detail,Reviews,Rating Parameters,"Placement, Faculty, Infra, Social Life, Value for Money scores"
CollegeDunia,College Detail,Reviews,Review Text,Detailed feedback with pros and cons
CollegeDunia,College Detail,Reviews,Verified Tag,Identity verification checkmark
CollegeDunia,College Detail,Rankings,Agency Name,"NIRF, Outlook, The Week, India Today, etc."
CollegeDunia,College Detail,Rankings,Rank,Position in the list
CollegeDunia,College Detail,Rankings,Year,Academic year of the ranking
CollegeDunia,Exams Page,Dates,Timeline,Visual timeline of exam events
CollegeDunia,Exams Page,Predictor,Input Field,Enter Rank or Percentile
CollegeDunia,Exams Page,Predictor,Output List,Recommended colleges with admission probability
Careers360,Homepage,Hero,Predictor Tools,"JEE, NEET, CAT rank predictor icons"
Careers360,Homepage,Trending,Countdown Timer,Days remaining for exam application
Careers360,College Listing,College Card,Careers360 Rating,"Proprietary rating (AAAAA, AAAA+, etc.)"
Careers360,College Listing,College Card,Quick Links,"Courses, Fees, Cut-off, Admission links directly on card"
Careers360,College Detail,Overview,Campus Area,Size of campus in acres
Careers360,College Detail,Overview,Student-Faculty Ratio,Numeric ratio of students per teacher
Careers360,College Detail,Placements,Recruitment Graph,Visual representation of sector-wise placements
Careers360,College Detail,Cutoff,Historical Trend,Interactive chart showing cutoff movement over 3-5 years
Careers360,College Detail,Facilities,Facility Icons,List of campus amenities with standard icons
Careers360,Premium Tools,Companion,Pricing,Subscription cost for paid counselling tools
Careers360,Premium Tools,Companion,Features,"List of services (webinars, choice filling, priority support)"
CollegeDekho,Homepage,Hero,WhatsApp Button,Floating button for direct counselor chat
CollegeDekho,Homepage,Hero,Callback Form,Input fields for Name and Phone
CollegeDekho,College Listing,College Card,Shortlist Count,Number of students who saved the college
CollegeDekho,College Listing,College Card,Shortlist Icon,Heart icon to save college
CollegeDekho,College Detail,Overview,Highlights Table,Table with key institutional data
CollegeDekho,College Detail,Overview,Video Tour,Embedded campus walkthrough video
CollegeDekho,College Detail,Reviews,Student Testimonial,Video or text feedback from alumni
CollegeDekho,Admission/Forms,CAF,Form Fields,"Personal, Academic, Document Upload, Course Selection"
CollegeDekho,Admission/Forms,CAF,Partner List,Colleges where this form is accepted
CollegeDekho,Admission/Forms,CAF,Payment Status,Tracking for application fee payment
